608ce905ebf0b3b0e2bf57ea1bad44294b8e6685	assets/accordion-custom.js
fb2b488b10f561b131d5019c29cdc01f0fb694ae	assets/account-login-actions.js
0f570961848decfe8677bb4bad321dbcd1140a8f	assets/anchored-popover.js
37de90aa237f65430c8ccc5479b83c1abcf82a6b	assets/announcement-bar.js
6af50e14af013989a54de321990484df8c53c0c9	assets/auto-close-details.js
466746b478362d4c51fe24af83b1a43514d8a6eb	assets/base.css
0ab0f879e59450b4afd27ccc088601b57848dd16	assets/blog-posts-list.js
973badd8c5260663045c2f192a4929f983fe9f33	assets/cart-discount.js
bafb3409d54bda2b9fdbccae07143ea0cbc95d51	assets/cart-drawer.js
b534f92ab07ed832f40487b38bb7b9beaf1e4c7c	assets/cart-icon.js
36f7824db42060eb447223273969366990df147c	assets/cart-note.js
4fea71e4eabdcbb3050c2cf052d92f742afa12fa	assets/collection-links.js
e5589ab46c12bb3a126cc96a58e379c39ebd67c3	assets/comparison-slider.js
08302385abf28588b24af1a5b49ad9d5a5ee87ac	assets/component-cart-items.js
dba69f188e5250512dc0fff3a2a665be157c5c57	assets/component-cart-quantity-selector.js
2f904e8654bd26218f468ff2b65ce45431d083f4	assets/component-quantity-selector.js
def9b785ad633ca71c89fb23138f69bf986d28fe	assets/component.js
99693ec8bd706207b393517de2df9dffd7570871	assets/copy-to-clipboard.js
5c733009b740f35fe3b7d5201bdc5f812038ecbd	assets/dialog.js
402c1e1ac73aeff84b3ac57c2cc3a19f65758b39	assets/disclosure-custom.js
9502e6ead1b9f7992e4a581aa5d940cc4cef69b0	assets/drag-zoom-wrapper.js
41be7c5f5c9b8db7ead8f2ad3ef128fe0e3a17b3	assets/email-signup.js
367f5616a349f27df04b22f5502960fc46bbbfcb	assets/events.js
90eabfc81f5bd9cb6d8d3d1000ab2b3034dcc676	assets/facets.js
741b76cbf59831eaa8516bc421316d4bd7e24bae	assets/floating-panel.js
3f3be3a1b0792ded2744b22032054fcae76f37b3	assets/fly-to-cart.js
68dbb20262db58023f43ab538676559d7868d62c	assets/focus.js
cf0b35354a0c1dc591b7d1056542d7f286b4d91d	assets/gift-card-recipient-form.js
9b964d593c18b0b7e9693799052167ea31362bd7	assets/global.d.ts
94f90d047fabcfdf67142b5673a77a2b5f580308	assets/header-drawer.js
afdfe1d273b4d501408d25799354955f5bbb8116	assets/header-menu.js
a97917ac5e7e915bc00a430edff1845e4028f750	assets/header.js
c808d39690d6342b043d0bad5e16ecb2a79bddbd	assets/icon-account.svg
1c0d45bd9041411258f800405a1893f11043a007	assets/icon-add-to-cart.svg
16f6d5713abe0e9f8bb518bc879cc39093dbf6dd	assets/icon-arrow.svg
7f2c4d0f4924bd315ce8a987cc53a31854774efe	assets/icon-available.svg
801553ab3b5b70532fccf982df8055d0f785c89a	assets/icon-caret.svg
a9a2fb2069a1928791f6fa7547d945474efdc666	assets/icon-cart.svg
39df607bf29390e55362e6170c77a46214ba3286	assets/icon-checkmark-burst.svg
3c12fa0b959cf9e3dd59abdb885fbcd7d1bb7217	assets/icon-checkmark.svg
00f88393b1eea855a1b22b8928b0162bc0b6df5f	assets/icon-chevron-left.svg
e3e4b16d33b4f0c17cf542a69b54f1bd5c1436c4	assets/icon-chevron-right.svg
39923007655ad13f97cbdcc677e3fc855534f9f1	assets/icon-close.svg
c85af510a32a2302e32282189c744d162786fd29	assets/icon-delete.svg
096c64219a7e1a65b15c58b44afa8364656ee889	assets/icon-discount.svg
015b06bf24e5b371661582d4c0d3acd74775d553	assets/icon-double-chevron.svg
a282b048b5802e33dd0a96f50eefe33e3a94f89b	assets/icon-error.svg
fbd780b89b873b4784cfe6ce91664afdaeb0dbd2	assets/icon-external.svg
060a5d3f1729b52df7b41d1a40e07055dcd88e56	assets/icon-filter.svg
fde33377e3f936b3f7cade8ea77cd8e54188a9a3	assets/icon-filters-close.svg
ee6db80d923268f820f8d11f64a910de8f791ad8	assets/icon-grid-default.svg
8048050356d08a6d0060facaaaf4b4353b2fbc24	assets/icon-grid-dense.svg
390ecb54da1bbb59f14f775c5a6b556be9cb768d	assets/icon-info.svg
d0b3c462de7526222301e7a46d75bf7ffd3d203f	assets/icon-inventory.svg
2c5098734ac5e33cbf28bbb894ecccbb22332999	assets/icon-menu.svg
423ebbac1b4580d182ec27d9505141961af17084	assets/icon-minus.svg
efd2fe341ca4a8476e1bb450c868b3f1078c6d79	assets/icon-one-col-mobile.svg
e78ac475c7075813787a2a960c29fd5ecf10459b	assets/icon-orders.svg
7255cacbc975f1651b617a06e5cc0426299e2e61	assets/icon-pause.svg
a979b2f458afa1e4a613e28f87d19441d127e1a4	assets/icon-play.svg
b845e454d8fd17b74aeb61c28081e76f96a05ec3	assets/icon-plus.svg
182ed125ef8342ac4517f6a45a65f7a848684881	assets/icon-reset.svg
83af677e132e29b7417f9a8cf7ee4de86c83645d	assets/icon-search.svg
b6a58bf8d84c83e5d6129bade550fde6fa22c0c2	assets/icon-shopify.svg
73dfbc913e1d6722ce38d1310fb21250f0e3487c	assets/icon-unavailable.svg
a3b03770a6f3ecc47e35328e09e5d3690c22d6b4	assets/jsconfig.json
b8e4db2300958bee3a689cfcbf5b4a3dcb4dc4be	assets/jumbo-text.js
ee2b84752284fe708a54e8c3c947f8642a91fba6	assets/layered-slideshow.js
4200446d78c3fd20110777727c9f4a1ee2e6b7f1	assets/local-pickup.js
6d47cbb96438e9447c5839c774110e6046375a19	assets/localization.js
c1b1ac3c50b4897ccc6a1d597e5257e261f4b3c4	assets/marquee.js
8b7f75f128bf88effaa7a9941d0609ff6d11c70f	assets/media-gallery.js
cb10bd14e4d5796b7c6134e77e5b346f01e55e19	assets/media.js
d93caa8fdbe672761eab79cedfe3539f24b65b61	assets/morph.js
d3c980edb790d876628492ccf933fe72de17ef19	assets/overflow-list.css
86af9e8ad5d83ae92c1491e40bf1fa82d858abd9	assets/overflow-list.js
535f17f9d4059ad2a8e49f1db427326a182a68b8	assets/paginated-list-aspect-ratio.js
33c9b54098d1168b4fe372a7c8c77bd1936d991d	assets/paginated-list.js
ea2d4051a2b106d98c56b92dcef75d14b2fea621	assets/performance.js
9c89adf59ef19c19f09e8f22bfeb806d08450167	assets/popover-polyfill.js
592892b58695cb6dcb34fd65911e36b67685d66d	assets/predictive-search.js
b8b4f7aecae57965d975e341b91d693cb9b8e120	assets/price-per-item.js
8bbfe9a30a28d4d612697bdf389d6fb1fd414d15	assets/product-card-link.js
a8bd6f84299a58f8b99e08dd08b1cff9c087e66c	assets/product-card.js
6842eb628ac8747995cf403c694cf2889fc01153	assets/product-custom-property.js
86a99d353e37bc54eec7d5abde4a8e4e200587db	assets/product-form.js
764b21caf467d0ea21aa96f44f9841efe4737149	assets/product-hotspot.js
447ccafd2c83a49a249465f92e13b786a49c8085	assets/product-inventory.js
92996ab410b4e03ece23590001f94299a374ccbb	assets/product-price.js
1cba3513ead0a933ff0bb252548f89fee2977ce4	assets/product-recommendations.js
b21ab56b818aba70c9864515d2190664f9ca67c3	assets/product-sku.js
70d43b5dc4553a35dea29abe5e0df3dd73c79416	assets/product-title-truncation.js
f6101d5079c6e4211416764441049d4d0ad5c379	assets/qr-code-generator.js
fe87065d91f69647d29f0ea83c8cb5798d3f91b8	assets/qr-code-image.js
600c74ea9407f4beb6fcb9ba4aa0cee6c35de0a2	assets/quick-add.js
6353659dadb69e47fa98e60daad73753a2b55784	assets/quick-order-list.js
71050aae4718284f3a2c8441502b91b2626b3781	assets/recently-viewed-products.js
7e3c72f6d609b2ffe047a7dd564a049429c875cd	assets/results-list.js
9083652ab72c4b6148e4f810aaa1c07a64470d0d	assets/rte-formatter.js
a896a14d4454b572a71d987fe88dca9542f3ef2d	assets/scrolling.js
f4ed4ef37aa602063b82cf838de6b09f527da11b	assets/search-page-input.js
b6557ad95e80bf9c7e76c383308883ab10a42d41	assets/section-hydration.js
9e6a3640b65701b4379f4e85f9d6acaa981b190d	assets/section-renderer.js
1b11e645b2c5d310307a4655a3d18eef73ed253e	assets/show-more.js
a8f289c68ded42aca75a72c94e567da2fde2ff68	assets/slideshow.js
0cb9b56169c1f998103d77fdc34566c39cc6a3bf	assets/sticky-add-to-cart.js
8ca3a194519e2456341374cfba872a38dad5c907	assets/template-giftcard.css
c75de0d6f708ad7d74142d649bde476809287056	assets/theme-editor.js
8796ca3b77a96db36322e8b930e730e19639b981	assets/utilities.js
1cc6e1ef8f76d4a08c5e8d0bca701d495dcf42fb	assets/variant-picker.js
959d70a7aa567958ff621988a8dfb4f9218259c7	assets/video-background.js
c81a570dac8ec7cc8e0bfc822bfb5944caaf893c	assets/view-transitions.js
435f563e6026921494472c1a16d7c656ecc49f86	assets/volume-pricing-info.js
325b68c58eb2ce32ac6460706c358f6e926473a6	assets/volume-pricing.js
824e71b33832426fecdb8c1dc3306a1910ed3df7	assets/zoom-dialog.js
5570fd94a201d21a50d290b9de767013bf751775	blocks/_accordion-row.liquid
21feb21c5df9a6d3eecd65bc5d8c19be8e828d33	blocks/_announcement.liquid
3da90e883dbcd1be50f4188d1c54619e61724614	blocks/_blog-post-card.liquid
bdd418fce728c3cd70ec7b763e2de17eb7bc575c	blocks/_blog-post-content.liquid
879339f89931d7ed37082ea96df5180b1fef61ca	blocks/_blog-post-description.liquid
664bf6473e507900920d7c50c3d0f9f8ed80d5d9	blocks/_blog-post-featured-image.liquid
dd5c89af5066cf2eeff238ea227537f15059c58f	blocks/_blog-post-image.liquid
5812a8b3dec99756bd1a9524401caa52ce49d829	blocks/_blog-post-info-text.liquid
ad07f9df007620c360944098377a2560ad2be5f5	blocks/_card.liquid
136d714d077d10d7a8a003709c1b0b903bb77497	blocks/_carousel-content.liquid
855109b6185269d586e8c4d45780b5a7f0fcdd07	blocks/_cart-products.liquid
44034d8ffba82455138d2f4e78cd1b879ec6348a	blocks/_cart-summary.liquid
bcc6aaf4456b626bbca9d658c839d06ba65a9d1e	blocks/_cart-title.liquid
450e21cf2f0f9811ba5d1acb602b26f53df22846	blocks/_collection-card-image.liquid
7e6dd053970a1ffc25f95fd0381fbbe32bf0e425	blocks/_collection-card.liquid
24d45458c3f5c4889be3100f1de6fd0d50229a9f	blocks/_collection-image.liquid
490fd84e967cfccb2b4329ad480cf976be3fc022	blocks/_collection-info.liquid
38bd352f34ff9163dcd9bbb58931db4b24cb0f2c	blocks/_collection-link.liquid
774c3e1523b1fc334b631ec3e75f7d4509405ac9	blocks/_content-without-appearance.liquid
deb23258d7247af651006f9039896e1109889303	blocks/_content.liquid
e73db103cb86013603fa09bdbe1b64f3a7306202	blocks/_divider.liquid
3fff62af270c9ac4e940ff7825837ba1d74f58ed	blocks/_featured-blog-posts-card.liquid
dc12b6dec8073026b277a7b3615b6de96105f411	blocks/_featured-blog-posts-image.liquid
cd3d6074ac5797b2306f73e9e9d1cf706cea45da	blocks/_featured-blog-posts-title.liquid
92545089a0500ce88e98ae02e316f008c954cc3f	blocks/_featured-product-gallery.liquid
c6677a492cf02cc31b2f177d0ee9183d5cb8c5e0	blocks/_featured-product-information-carousel.liquid
084b8a44c2cbfea84ec20e2ea20b28f7c735ddfe	blocks/_featured-product-price.liquid
8634a5150d669ef04faf92179975390bf0e39e96	blocks/_featured-product.liquid
cb1e19b0347a86e67f7fc5a6ce3c2f17db514b9b	blocks/_footer-social-icons.liquid
78a1f9bd92735e1208b09c98eeab51adaa100d0b	blocks/_header-logo.liquid
c3d94e03ce3a9816f62ae95bed8b2f785b0b9ce0	blocks/_header-menu.liquid
1b74679f040484a5d3df996a69bb3d8d18a0a259	blocks/_heading.liquid
ef1922f3b1f4d2f6784deb75567ea60abbb75c74	blocks/_hotspot-product.liquid
12f2b890dd90d0373e29693128c58595f6c50b38	blocks/_image.liquid
e372daf00c9305484f6effd5ed22c4f51e0587c7	blocks/_inline-collection-title.liquid
d311a597786e14ec96ca8ab9169d58ec65cd371a	blocks/_inline-text.liquid
ed73eaa8f80e518641b06909b1e44193b7449a1a	blocks/_layered-slide.liquid
a2f65046aa8ebc3c3be6cc2fa69c073079b8c256	blocks/_marquee.liquid
891bbf81a14f20e07da01265548af71051fbc392	blocks/_media-without-appearance.liquid
e9f0e5c529abdf81cab1226c8fb34b63794c9559	blocks/_media.liquid
b379c7d1e7868d9f6fc8645abfb5cf850dc88db3	blocks/_product-card-gallery.liquid
fde734ec5fe8e57b8ad206edb79c5796a3c0cc24	blocks/_product-card-group.liquid
4c2f9bb2f3445489804e4782d7ecef228831ce27	blocks/_product-card.liquid
8b586854028416cd49f8896fe700853c5371a601	blocks/_product-details.liquid
9fe41e21d9b5c206581d0c3c9426f121fa4902da	blocks/_product-list-button.liquid
f585debc5609cebfb318ae770ad0d4dbbbffe46e	blocks/_product-list-content.liquid
ab05dde854bbc465778a32fbcf7ec563cd28c4c6	blocks/_product-list-text.liquid
7947eb6f90e81ee20ca339002d740de8ad485eec	blocks/_product-media-gallery.liquid
ad4156cd885109206b33555c8ed24796bb538b01	blocks/_search-input.liquid
3f4eb04051f3d774be93e65befcf122774bc41a0	blocks/_slide.liquid
7e8fb1d6358319f32fd879f48a44efd74fc661fe	blocks/_social-link.liquid
7f0c5f25e757c7623dce4b5caa2f09f62238cde9	blocks/accelerated-checkout.liquid
d499cd71ccbc4f470ab2174e8b4ac5a713eab2f7	blocks/accordion.liquid
8b514ab2285da679937193c72ac683876b0387ab	blocks/add-to-cart.liquid
31c2706a7aa1050b160c4bf36520f9cfca25eb60	blocks/ai_gen_block_07159a2.liquid
f35539306931fb8aff7cfcd73390d357ad492d52	blocks/ai_gen_block_0afa33f.liquid
6382a89fab06730dd8d4221f0bca061423ac1f78	blocks/ai_gen_block_0b3b371.liquid
dd00e26d2cdb465946754c8086d20e1de33a0952	blocks/ai_gen_block_33a52bb.liquid
e1aec50290ed665ad227878638f79d0dab06e947	blocks/ai_gen_block_3801c51.liquid
07712e7b85f86ed547068287de3c52cf99fa4b0a	blocks/ai_gen_block_525e4f6.liquid
b5f5988ad9aeed8d81a867fe581096cb875e5dac	blocks/ai_gen_block_6bf5888.liquid
e5e86fdfab7f5d3a30efdf583995f84236be95f8	blocks/ai_gen_block_a7f2099.liquid
0e1f2f9fd4b384e9cb655a560dc3d899ab6a9bd4	blocks/ai_gen_block_a8b1d89.liquid
b1707d7abee47b235a20ca93ecfc3f657ba743d5	blocks/ai_gen_block_c3582fb.liquid
2b8cbcb36ad77dae1636eca34af446bf1cb23177	blocks/ai_gen_block_f3e5bc0.liquid
b81f57eeca05e654b40218897c99cc85b33d4874	blocks/button.liquid
8d59e0e5c7c6d94313fc232bc8c8079542fbf365	blocks/buy-buttons.liquid
9ae1c58283c3b393b71cf4d09ed37a28a5a7a4f3	blocks/collection-card.liquid
24c8072a713ebf74823be95e37849f220279fed1	blocks/collection-title.liquid
d9189c96eea221f9603ba5460b2a70a937002986	blocks/comparison-slider.liquid
6c777332d1f2c028fe811d3e0f9f924b41a78c67	blocks/contact-form-submit-button.liquid
684a2812b5a7a839b7775a32bb69bab09ef912c4	blocks/contact-form.liquid
1d655f3c509e9ae2054aebce46f91396c1ba8b00	blocks/custom-liquid.liquid
ef1a142e7eb583564299903dd88d498361d2ec0b	blocks/email-signup.liquid
0c8d836ed3431c3f2698ad4bac02524603456ee1	blocks/featured-collection.liquid
73fdd13799519be50ac5f889e53d93122c23a0d6	blocks/filters.liquid
b08fbfd9b24b47baf07428387817e119f54fe2d0	blocks/follow-on-shop.liquid
cc29061550c4229e99c11fffe77ee976a34c1bf0	blocks/footer-copyright.liquid
ef23406b995d583db55e5ec13db2ee76b7bd1c12	blocks/footer-policy-list.liquid
c447aba2ddffd518a4e3481a0a310120354d80cd	blocks/group.liquid
4bb5a3efac4234e319ae4d09d48177ce143909b2	blocks/icon.liquid
cd9d106942ec59024be0557de74eb51c6cfa2f34	blocks/image.liquid
8773ded72e10932bc6b15c5f2634b7f50c779b37	blocks/jumbo-text.liquid
201b65cf878e7e888f172817d00f7affeb75fa33	blocks/logo.liquid
ed11d4f4a636919cdf44a6b34e1779a4d6f8336e	blocks/menu.liquid
e4bc473dbd9ac47175946ec077510cb2c67a2d22	blocks/page-content.liquid
0e140ea521ada1dbda8d530cc616e130c2ad0668	blocks/page.liquid
87a0d40b6e9f50bb04d03e67a852532413a3b219	blocks/payment-icons.liquid
1a52d67b5aee1067b106023a07f1d229759d21a9	blocks/popup-link.liquid
4e83a3b6e7d6c08854edb0a1125292b9bd666b41	blocks/price.liquid
cd1534892c52b04515520a4bf235fc4bb14d7a60	blocks/product-card.liquid
c13a4d500b80647136d2ac1fc86d1d44cdb89699	blocks/product-custom-property.liquid
c7e62785fc84f70821b4ce42ca8e6571aaeb68f1	blocks/product-description.liquid
c24ba7e216666d9bcbd43e23321e2d3fd491b5ad	blocks/product-inventory.liquid
cb671b3f40ac1e234d48141754735c50d38e41a8	blocks/product-recommendations.liquid
6f2d58949f7fe9e592f650bb9fe48612278e7d98	blocks/product-title.liquid
2373507b6e82d00c7ca99282334a1d379c5a33bd	blocks/quantity.liquid
9d2e7a6a985d043ae8233c4b88b4b36546e346c5	blocks/review.liquid
59c2068c31ce98684384ab6c14a42dccb7cab4ef	blocks/sku.liquid
6d74603b87d9fe3b1941e135297cce30618788a5	blocks/social-links.liquid
4c4c68bc167104315b9089c9a67fffda9b11f0c7	blocks/spacer.liquid
040209906ac2f5f29a3e00487ffc9228e68cac62	blocks/swatches.liquid
906992cddf82d02553171bf3671241bbe544e52b	blocks/text.liquid
348fe6ec41d620583067f03e048af9480f73a6d0	blocks/variant-picker.liquid
6cb433543a433fd934c88a38e20f9d88e285a381	blocks/video.liquid
12e8f0ec062ccbd164b316af341ff11f847e2669	config/settings_data.json
a9b4a2d18f2cb5cd4d6f5655b4f9e0f2fc2c94b3	config/settings_schema.json
f38d8311504da826356cc6efa8db05405ac0649b	layout/password.liquid
f8e93003c783110f2247edfcda10de30522c5263	layout/theme.liquid
4bdef5a1af89b8c3e562a998f788819ebc3c5b2c	locales/ar.json
a529d1cfadd39d7a5fb1d12e7bab3599691f14f1	locales/bg.json
f0217b0a38431a3b2ded5873ca62034b47d6534d	locales/cs.json
24a46c0a9dfb2795307f4b50326b4e709f0e18fa	locales/cs.schema.json
f1bd0c9e3d7726807835ac6d5add92232274dadc	locales/da.json
b2645796fd9d0b7ea8b969ded2ded36a7bb46c18	locales/da.schema.json
713308f352f252e6358ce601a1b624900a0a0d08	locales/de.json
5cfa3dd62ad54206e2a9baf01a2381ef815da4d5	locales/de.schema.json
ba3dfc067e24498424e750e74cfd312c105020b1	locales/el.json
