afdfe1d273b4d501408d25799354955f5bbb8116	6a17db44d9c8fefcac86789779593271b10cd293	assets/header-menu.js	different
6d47cbb96438e9447c5839c774110e6046375a19	1c90e13804c4799398838ba295587026aae322da	assets/localization.js	different
c3d94e03ce3a9816f62ae95bed8b2f785b0b9ce0	14c22e9c0dd4484d1339c92d85f2fbfe992f475f	blocks/_header-menu.liquid	different
8b586854028416cd49f8896fe700853c5371a601	3276f0dff249a2e99078d19c7d4c6f3d79024ec3	blocks/_product-details.liquid	different
31c2706a7aa1050b160c4bf36520f9cfca25eb60	-	blocks/ai_gen_block_07159a2.liquid	missing
f35539306931fb8aff7cfcd73390d357ad492d52	-	blocks/ai_gen_block_0afa33f.liquid	missing
6382a89fab06730dd8d4221f0bca061423ac1f78	-	blocks/ai_gen_block_0b3b371.liquid	missing
dd00e26d2cdb465946754c8086d20e1de33a0952	-	blocks/ai_gen_block_33a52bb.liquid	missing
e1aec50290ed665ad227878638f79d0dab06e947	-	blocks/ai_gen_block_3801c51.liquid	missing
07712e7b85f86ed547068287de3c52cf99fa4b0a	-	blocks/ai_gen_block_525e4f6.liquid	missing
b5f5988ad9aeed8d81a867fe581096cb875e5dac	-	blocks/ai_gen_block_6bf5888.liquid	missing
e5e86fdfab7f5d3a30efdf583995f84236be95f8	-	blocks/ai_gen_block_a7f2099.liquid	missing
0e1f2f9fd4b384e9cb655a560dc3d899ab6a9bd4	-	blocks/ai_gen_block_a8b1d89.liquid	missing
b1707d7abee47b235a20ca93ecfc3f657ba743d5	-	blocks/ai_gen_block_c3582fb.liquid	missing
2b8cbcb36ad77dae1636eca34af446bf1cb23177	-	blocks/ai_gen_block_f3e5bc0.liquid	missing
12e8f0ec062ccbd164b316af341ff11f847e2669	6287e0e87ee81e72db7eda25ae1f912c2ecc961e	config/settings_data.json	different
4bdef5a1af89b8c3e562a998f788819ebc3c5b2c	-	locales/ar.json	missing
a529d1cfadd39d7a5fb1d12e7bab3599691f14f1	ac0b829afa92d1682e2f6c436bf63cbee99bf824	locales/bg.json	different
f0217b0a38431a3b2ded5873ca62034b47d6534d	5776e5d595dd026337b2a54dc739ef4ce0b7909a	locales/cs.json	different
24a46c0a9dfb2795307f4b50326b4e709f0e18fa	e37e2572c7c0f96463f5eae3c12ffb235f1639df	locales/cs.schema.json	different
f1bd0c9e3d7726807835ac6d5add92232274dadc	f76f8a8c749a47149833bbef5719d3ea9980bda9	locales/da.json	different
b2645796fd9d0b7ea8b969ded2ded36a7bb46c18	3b5d4c5b2d51ed1f9be025138f6c0c211abe9344	locales/da.schema.json	different
713308f352f252e6358ce601a1b624900a0a0d08	e65ea507725c032c98b7ae7dd3ffe176b9148b76	locales/de.json	different
5cfa3dd62ad54206e2a9baf01a2381ef815da4d5	fe36a7a4e24f71f2c114276ce1f0d06b1cc1c680	locales/de.schema.json	different
ba3dfc067e24498424e750e74cfd312c105020b1	c99f3f330862bf0d05c030555a8d1aeeb07d7df3	locales/el.json	different
214dfdffa027b8f4ac98f342c02f22d6b2418747	36906f03b7d1ddfec00d213183c195d79e6e2a7c	locales/en.default.json	different
14edb3a9d8ac7902dfce79d0c6a32c88d290a0eb	3296f3fb8a978ace02b4c37bf4ed0f6a1be284ad	locales/es.json	different
856343a1680787de80fccacdcb98b71fb69af187	bc6700b56b78f5b739a6c9f2a52b21e453ae6368	locales/es.schema.json	different
4224ce90c96c72544d9a754f25a5542c52db7ec8	23ed744a3d342d3184938c139cb9233ed940e4e9	locales/fi.json	different
649ac1f03d8f7b6afbe550e2fef038bfa0831e1b	5a9e84ac8a48bf50230cd2c5cc22948d43a21aaf	locales/fi.schema.json	different
c931f45998e27525c9ac59dbeec06bc9b9cf1c55	8fea71d07d318d5a914752abb3f874cdda96ce23	locales/fr.json	different
71514cbd34a6cda1315715906b0207f6ee9d370b	9605b2e54c03b60f8620efe54d4552013206f619	locales/fr.schema.json	different
b9ac84f504b871a6188b0a67c24be63a9a9a1101	dd78c718e14bcca2c570ea1d415d8af56d56f885	locales/hr.json	different
f7542dddc4a1431e26deb75f2e0c12ef6180eaff	c279632743a0094cce9c2516cad0070a86d11f1c	locales/hu.json	different
0d5d6ba05cad2c734db2e93e95af198257a16f57	1f0f5844069063a20bb2d836a54a4a090a9c3f2e	locales/id.json	different
ef8b34f4c56ae64f61f2b6f722577ba7b100b2c8	bab95dc6cb9c486ae7de3e8a4d6bbb39e3e9fbec	locales/it.json	different
78ae081e58724e77f9b3e1b25e873d0fa58e1119	b457b47474014c2400aaf04fd7cb561dbc76cb32	locales/it.schema.json	different
0bf82ac557d54a84ae4d936ca4d12a34626fedfb	fd7df3f7880ac3257bc00df114b810a091a3d86b	locales/ja.json	different
2ed578ea7481e41b56bc41bf1d3765b43cc0d68f	18605463ba38447d1e000ce0d4a9625c35dcbc52	locales/ja.schema.json	different
6f119d778ecfcc16186409bcacd9c6f8c89178ff	05949a15adce22b0e54b63fca89562d3d4420749	locales/ko.json	different
39988d1e2ec9d8549b5b66dba0f8c3f010e81d2d	8d135f474fdb3d0d78f49793529df0ab939a09b2	locales/ko.schema.json	different
82c323c15264ffdab6dd55c99757183902a8b6c2	e54e9372ea58e06b95bee875dc7edd96d25ce6db	locales/lt.json	different
a1b7757a6ef6848b178e957259f6e25199656173	f631800cca0ac9635cdec88b904d3fbfd0f262e9	locales/nb.json	different
1c4ef1ebe29271fcd5dcc90d89bcc88686968c8e	cf849dcf858f1ded348890d65461d3f8629eb420	locales/nb.schema.json	different
857aa6bb8435c6d58b6ee73ee5e689734aa99157	b61cd9c5d460d85389b1b04bed20dcb3731e9a35	locales/nl.json	different
2b9b89d6e3c82588f9b4715a2d68ed08873ec112	81798221d6dade08d47acdcca238abc7ae454724	locales/nl.schema.json	different
4ba3a4b42bc59e655e73f123c5f051695f883d4b	170da6265b2462b488095a8b1c593ffbff51a34e	locales/pl.json	different
0d0e56fc968a7508551b7cb5c8c348a04e60786d	76fa2ec9faf5d1221e0530456bb9b1d0d58ef8ac	locales/pl.schema.json	different
f2acdff9e1b6d5c67ce0faa14e392076456c4366	c1397f789e2d330666c6ce18a8c5ed861b4e31c7	locales/pt-BR.json	different
bb1e0e832d8a407cf7abf62ca19e8e6f3a95117d	9225f6d8cdd2f1afdedd7e2a17932f188fe887c2	locales/pt-BR.schema.json	different
0a1e115bb3f3092a6d9ec42cb52e3b3c9751aca5	ef43cfc547d9f0a9df305bb9e985cf538c4f3333	locales/pt-PT.json	different
11955d9d384b13cc8ca3a2269922ed041eeca5a9	30e533a127c068cae74e9f769ab15b39bcfae0a4	locales/pt-PT.schema.json	different
5c013af6ac578fc31e8ed178975b57c4e393d32f	944634665f43c663f769bf18f1cb262901f87a09	locales/ro.json	different
14e15dc2dc79a078b2d9408bc1b818a47a35c87a	171770192955e0e690f0d29adf1a72278a09d30f	locales/ru.json	different
c2c2fddd10fcc6f0183eebe34d6b36f9b9ebcad4	2b8bf7cb47ea77bed857974b36bd2d1e832a5f32	locales/sk.json	different
d4cfd9598c025bf19a4b918fe90f95b6072445bc	92897174fec03f658818177699722c4a6adc2172	locales/sl.json	different
c1994b38ea1b29489c4390d77f22f90ce974e9d2	4b7089307582936c99afc19be0ab53c7c53d0794	locales/sv.json	different
f2d7e10ac7e442231f5b1c0c7c990c5ab06ce2f5	cf45e69a1d45fa9f73b647c86177dc078996ac7c	locales/sv.schema.json	different
06e1081d3a3fc6681c3403915b3d28c9a29d1107	af5d6b42f4d83822feb6b7901804ba5e24ce2754	locales/th.json	different
e7163ab84095cdd97088ebeffcf85e7c7998dbca	d98ea77b1e37d2093b01c8da89f9dd68a3de43fc	locales/th.schema.json	different
f68cbd2cb319a8ce89a960ebc10af53dc9bb9abb	56e826e9303be580216bf42b02652db3b9cc5078	locales/tr.json	different
dae872e3d7fb4593d1c90d4effef7c18dc40f460	377c24dee7ea9106254c78eacf1909b359d49f9f	locales/tr.schema.json	different
c9417adb68a00c96b5c32f5e649c71c7ffda0dd5	af1f6287dcbc9ba444136baed43c13104878c400	locales/vi.json	different
b850cda4c92b23ecda8161ed6e2a4ca064f495bc	d377adbb46f60e48253d9eaba1b6e6f0353abfdc	locales/zh-CN.json	different
44c9b64d13b842700d9192ab5162323ab0c884b0	693665bff3a651231f129f2245a09271497f80ec	locales/zh-CN.schema.json	different
230bfd88e69e7d8bef477d8d8475b95260f03340	93d47330ccfe5559b0e8e771b7735ce0a5b38f0a	locales/zh-TW.json	different
c656db16d82223d59adc80cd4f8ac2f5e7f2f3e7	3ae97f2b8b1aa5ac17bcd59b0c4dbb587c1fa1f1	locales/zh-TW.schema.json	different
0e181464d9ada1efa8030732f60a475dd7e4de8c	-	sections/box-checkout-popup.liquid	missing
8b384aa647bdf9e7de789ca3a385ea599b3f8df3	77cb8ae8beb2d8dab145af6dd58c4718913d798a	sections/footer-group.json	different
a3f96793c90f3844178120f20651c4d87ddafe8f	364634553733ba357dc3c15495263c3fc8659eee	sections/header-group.json	different
1729f7f1d98699517bea31a1a5e1dce41d373de3	a17d155626acaada43c8478741041fcc7e6992e5	sections/header.liquid	different
0d27ee685fb5b52133d51b74191b7d38bc4278cd	-	sections/iamw-lp-01-hero-problem.liquid	missing
967f8672908cdbf36723f3f5c2ec8ff5cc0590f3	-	sections/iamw-lp-02-ingredients.liquid	missing
034dd1a6aaccacc761f46b61961fbc799bcc7d30	-	sections/iamw-lp-03-proof-offer.liquid	missing
7c5ad6a017f0ff3f078f7134738caaa1253b750f	-	sections/iamw-ref-01-timer.liquid	missing
58f5af1dd1f505cd797be0c209e10bc42041140a	-	sections/iamw-ref-02-proof.liquid	missing
c7a5de1d6a8c11f6259d4feaff40730ba55a5171	-	sections/iamw-ref-03-accordion.liquid	missing
684f25c954ac9c1563835a37546bf63d2304b17c	-	sections/iamw-ref-04-tabs.liquid	missing
c7130fb0cbcba3282532c8c590cd3922411cebad	-	sections/iamw-ref-05-product.liquid	missing
048bdc8aa0fe80a4f331a2d572c64b9f88590580	-	sections/iamw-ref-06-stock-alert.liquid	missing
df621d3b1fa47096ea6637dcca5cd602750838a4	-	sections/iamw-ref-07-social-proof.liquid	missing
8036082b9dafa161482b6c3c97527d5b59706e93	-	sections/iamw-ref-08-why-choose.liquid	missing
d4644d5b5d8a632823db06c071a4c5b5f0bf3bf3	-	sections/iamw-ref-09-comparison.liquid	missing
68acb6e68dba200bd0f1de794c6213e7787c2cdc	88afe2dcc071021b4efc058c0d2a8da4fa01e9db	sections/main-page.liquid	different
4c4d4ffc6e824799491fde703aa284addb4abd32	4d31561a9143b683420742d13d4d3746d248344c	sections/product-information.liquid	different
2061ebcdba169e89d3a3c779f9f74ca3fb42b9da	-	snippets/air-reviews-status.liquid	missing
1c4403a0c46941b80479f4c9dc1876a9e6a3836e	72ea45cc9b400c4322e7abdffa4c3a07e8fc6ef9	snippets/header-menu.liquid	different
4f062ebc5193f454d610c7f75a20ab6827c734fc	013307c6ed1060dd08ad7f80d4213dc5ee1072ac	snippets/localization-form.liquid	different
c8bdcee3ed9b8948cac288e881d77851fa01b4f3	52d3804fd77fc805ca65795c3d1ed54392278619	snippets/variant-main-picker.liquid	different
5016737b368575923af956d25df239c4c3ef2251	97a490cb1988e3356435c5e594762786e5f2476f	templates/collection.json	different
37bdc528f3dfefb75100374c7f939efe4f5a91be	8f2cc47d73ad5d96474aaa18614238c744168ad7	templates/index.json	different
8577aec91788f271fd5557c76999f7af4abafc72	3729b4065d3da1f5686a42a2d51efe70c2a59328	templates/page.contact.json	different
7154fe7cbc900132ef3e76d5064dc50a13cb6cc0	-	templates/page.faq.json	missing
2aafcdcc4b2b8fa070ddd0d4620d1b0f1d099954	-	templates/page.iamw-smart-gummies.json	missing
00d32f457b92b174d855e1328c0a2df554d50e77	2ef45b13f8e4fc1a74fdf54b6e8bbbacda1f9a4c	templates/page.json	different
19f04040cf210759e9b907021b6822ae2f61dbdd	-	templates/page.pampagana.json	missing
72f82e437ac61e9735e9cabc37ff4f8e1296c454	-	templates/page.reviews.json	missing
f4afa26055bc8b8507a31b992c31a42821da4b3c	-	templates/page.uae.json	missing
08971b09b5b38a3c1a5622bf1d7dd0fe43632184	73685f776e895d5470df8a9563be2eaf463485fb	templates/product.json	different
ca77d950d874b7e738f4845853b71c9d2355c0a6	-	templates/product.no-add-to-cart.json	missing
34047b0b709190034746c3be5d439e992b8f1b54	-	templates/product.sample.json	missing
0ceba1c77aa8faced6e366c1c9876c7202cc81e5	-	templates/product.smart-gummies.json	missing
db914277cb171b4ed48b76f9862a641ab69c2fab	-	templates/search.bss.po.liquid	missing
